id_posicion_grupo,anio,id_grupo,id_seleccion,seleccion,pts,pj,pg,pe,pp,gf,gc,diferencia,clasificado
1,1930,1,6,Argentina,6,3,3,0,0,10,4,6,SI
2,1930,1,17,Chile,4,3,2,0,1,5,3,2,NO
3,1930,1,36,Francia,2,3,1,0,2,4,3,1,NO
4,1930,1,56,México,0,3,0,0,3,4,13,-9,NO
5,1930,2,85,Yugoslavia,4,2,2,0,0,6,1,5,SI
6,1930,2,11,Brasil,2,2,1,0,1,5,2,3,NO
7,1930,2,9,Bolivia,0,2,0,0,2,0,8,-8,NO
8,1930,3,80,Uruguay,4,2,2,0,0,5,0,5,SI
9,1930,3,68,Rumania,2,2,1,0,1,3,5,-2,NO
10,1930,3,63,Perú,0,2,0,0,2,1,4,-3,NO
11,1930,4,35,Estados Unidos,4,2,2,0,0,6,0,6,SI
12,1930,4,62,Paraguay,2,2,1,0,1,1,3,-2,NO
13,1930,4,13,Bélgica,0,2,0,0,2,0,4,-4,NO
14,1950,1,11,Brasil,5,3,2,1,0,8,2,6,SI
15,1950,1,85,Yugoslavia,4,3,2,0,1,7,3,4,NO
16,1950,1,74,Suiza,3,3,1,1,1,4,6,-2,NO
17,1950,1,56,México,0,3,0,0,3,2,10,-8,NO
18,1950,2,34,España,6,3,3,0,0,6,1,5,SI
19,1950,2,44,Inglaterra,2,3,1,0,2,2,2,0,NO
20,1950,2,17,Chile,2,3,1,0,2,5,6,-1,NO
21,1950,2,35,Estados Unidos,2,3,1,0,2,4,8,-4,NO
22,1950,3,73,Suecia,3,2,1,1,0,5,4,1,SI
23,1950,3,51,Italia,2,2,1,0,1,4,3,1,NO
24,1950,3,62,Paraguay,1,2,0,1,1,2,4,-2,NO
25,1950,4,80,Uruguay,2,1,1,0,0,8,0,8,SI
26,1950,4,9,Bolivia,0,1,0,0,1,0,8,-8,NO
27,1950,F,80,Uruguay,5,3,2,1,0,7,5,2,SI
28,1950,F,11,Brasil,4,3,2,0,1,14,4,10,NO
29,1950,F,73,Suecia,2,3,1,0,2,6,11,-5,NO
30,1950,F,34,España,1,3,0,1,2,4,11,-7,NO
31,1954,1,11,Brasil,3,2,1,1,0,6,1,5,SI
32,1954,1,85,Yugoslavia,3,2,1,1,0,2,1,1,SI
33,1954,1,36,Francia,2,2,1,0,1,3,3,0,NO
34,1954,1,56,México,0,2,0,0,2,2,8,-6,NO
35,1954,2,42,Hungría,4,2,2,0,0,17,3,14,SI
36,1954,2,87,Alemania Occidental,2,2,1,0,1,7,9,-2,SI
37,1954,2,77,Turquía,2,2,1,0,1,8,4,4,NO
38,1954,2,21,Corea del Sur,0,2,0,0,2,0,16,-16,NO
39,1954,3,80,Uruguay,4,2,2,0,0,9,0,9,SI
40,1954,3,8,Austria,4,2,2,0,0,6,0,6,SI
41,1954,3,86,Checoslovaquia,0,2,0,0,2,0,7,-7,NO
42,1954,3,31,Escocia,0,2,0,0,2,0,8,-8,NO
43,1954,4,44,Inglaterra,3,2,1,1,0,6,4,2,SI
44,1954,4,74,Suiza,2,2,1,0,1,2,3,-1,SI
45,1954,4,51,Italia,2,2,1,0,1,5,3,2,NO
46,1954,4,13,Bélgica,1,2,0,1,1,5,8,-3,NO
47,1958,1,87,Alemania Occidental,4,3,1,2,0,7,5,2,SI
48,1958,1,47,Irlanda del Norte,3,3,1,1,1,4,5,-1,SI
49,1958,1,86,Checoslovaquia,3,3,1,1,1,8,4,4,NO
50,1958,1,6,Argentina,2,3,1,0,2,5,10,-5,NO
51,1958,2,36,Francia,4,3,2,0,1,11,7,4,SI
52,1958,2,85,Yugoslavia,4,3,1,2,0,7,6,1,SI
53,1958,2,62,Paraguay,3,3,1,1,1,9,12,-3,NO
54,1958,2,31,Escocia,1,3,0,1,2,4,6,-2,NO
55,1958,3,73,Suecia,5,3,2,1,0,5,1,4,SI
56,1958,3,37,Gales,3,3,0,3,0,2,2,0,SI
57,1958,3,42,Hungría,3,3,1,1,1,6,3,3,NO
58,1958,3,56,México,1,3,0,1,2,1,8,-7,NO
59,1958,4,11,Brasil,5,3,2,1,0,5,0,5,SI
60,1958,4,88,URSS,3,3,1,1,1,4,4,0,SI
61,1958,4,44,Inglaterra,3,3,0,3,0,4,4,0,NO
62,1958,4,8,Austria,1,3,0,1,2,2,7,-5,NO
63,1962,1,88,URSS,5,3,2,1,0,8,5,3,SI
64,1962,1,85,Yugoslavia,4,3,2,0,1,8,3,5,SI
65,1962,1,80,Uruguay,2,3,1,0,2,4,6,-2,NO
66,1962,1,19,Colombia,1,3,0,1,2,5,11,-6,NO
67,1962,2,87,Alemania Occidental,5,3,2,1,0,4,1,3,SI
68,1962,2,17,Chile,4,3,2,0,1,5,3,2,SI
69,1962,2,51,Italia,3,3,1,1,1,3,2,1,NO
70,1962,2,74,Suiza,0,3,0,0,3,2,8,-6,NO
71,1962,3,11,Brasil,5,3,2,1,0,4,1,3,SI
72,1962,3,86,Checoslovaquia,3,3,1,1,1,2,3,-1,SI
73,1962,3,56,México,2,3,1,0,2,3,4,-1,NO
74,1962,3,34,España,2,3,1,0,2,2,3,-1,NO
75,1962,4,42,Hungría,5,3,2,1,0,8,2,6,SI
76,1962,4,44,Inglaterra,3,3,1,1,1,4,3,1,SI
77,1962,4,6,Argentina,3,3,1,1,1,2,3,-1,NO
78,1962,4,12,Bulgaria,1,3,0,1,2,1,7,-6,NO
79,1966,1,44,Inglaterra,5,3,2,1,0,4,0,4,SI
80,1966,1,80,Uruguay,4,3,1,2,0,2,1,1,SI
81,1966,1,56,México,2,3,0,2,1,1,3,-2,NO
82,1966,1,36,Francia,1,3,0,1,2,2,5,-3,NO
83,1966,2,87,Alemania Occidental,5,3,2,1,0,7,1,6,SI
84,1966,2,6,Argentina,5,3,2,1,0,4,1,3,SI
85,1966,2,34,España,2,3,1,0,2,4,5,-1,NO
86,1966,2,74,Suiza,0,3,0,0,3,1,9,-8,NO
87,1966,3,65,Portugal,6,3,3,0,0,9,2,7,SI
88,1966,3,42,Hungría,4,3,2,0,1,7,5,2,SI
89,1966,3,11,Brasil,2,3,1,0,2,4,6,-2,NO
90,1966,3,12,Bulgaria,0,3,0,0,3,1,8,-7,NO
91,1966,4,88,URSS,6,3,3,0,0,6,1,5,SI
92,1966,4,20,Corea del Norte,3,3,1,1,1,2,4,-2,SI
93,1966,4,51,Italia,2,3,1,0,2,2,2,0,NO
94,1966,4,17,Chile,1,3,0,1,2,2,5,-3,NO
95,1970,1,88,URSS,5,3,2,1,0,6,1,5,SI
96,1970,1,56,México,5,3,2,1,0,5,0,5,SI
97,1970,1,13,Bélgica,2,3,1,0,2,4,5,-1,NO
98,1970,1,29,El Salvador,0,3,0,0,3,0,9,-9,NO
99,1970,2,51,Italia,4,3,1,2,0,1,0,1,SI
100,1970,2,80,Uruguay,3,3,1,1,1,2,1,1,SI
101,1970,2,73,Suecia,3,3,1,1,1,2,2,0,NO
102,1970,2,50,Israel,2,3,0,2,1,1,3,-2,NO
103,1970,3,11,Brasil,6,3,3,0,0,8,3,5,SI
104,1970,3,44,Inglaterra,4,3,2,0,1,2,1,1,SI
105,1970,3,68,Rumania,2,3,1,0,2,4,5,-1,NO
106,1970,3,86,Checoslovaquia,0,3,0,0,3,2,7,-5,NO
107,1970,4,87,Alemania Occidental,6,3,3,0,0,10,4,6,SI
108,1970,4,63,Perú,4,3,2,0,1,7,5,2,SI
109,1970,4,12,Bulgaria,1,3,0,1,2,5,9,-4,NO
110,1970,4,55,Marruecos,1,3,0,1,2,2,6,-4,NO
111,1974,1,2,Alemania Oriental,5,3,2,1,0,4,1,3,SI
112,1974,1,87,Alemania Occidental,4,3,2,0,1,4,1,3,SI
113,1974,1,17,Chile,2,3,0,2,1,1,2,-1,NO
114,1974,1,7,Australia,1,3,0,1,2,0,5,-5,NO
115,1974,2,85,Yugoslavia,4,3,1,2,0,10,1,9,SI
116,1974,2,11,Brasil,4,3,1,2,0,3,0,3,SI
117,1974,2,31,Escocia,4,3,1,2,0,3,1,2,NO
118,1974,2,,Zaire,0,3,0,0,3,0,14,-14,NO
119,1974,3,60,Paises Bajos,5,3,2,1,0,6,1,5,SI
120,1974,3,73,Suecia,4,3,1,2,0,3,0,3,SI
121,1974,3,12,Bulgaria,2,3,0,2,1,2,5,-3,NO
122,1974,3,80,Uruguay,1,3,0,1,2,1,6,-5,NO
123,1974,4,64,Polonia,6,3,3,0,0,12,3,9,SI
124,1974,4,6,Argentina,3,3,1,1,1,7,5,2,SI
125,1974,4,51,Italia,3,3,1,1,1,5,4,1,NO
126,1974,4,40,Haití,0,3,0,0,3,2,14,-12,NO
127,1974,A,60,Paises Bajos,6,3,3,0,0,8,0,8,SI
128,1974,A,11,Brasil,4,3,2,0,1,3,3,0,SI
129,1974,A,2,Alemania Oriental,1,3,0,1,2,1,4,-3,NO
130,1974,A,6,Argentina,1,3,0,1,2,2,7,-5,NO
131,1974,B,87,Alemania Occidental,6,3,3,0,0,7,2,5,SI
132,1974,B,64,Polonia,4,3,2,0,1,3,2,1,SI
133,1974,B,73,Suecia,2,3,1,0,2,4,6,-2,NO
134,1974,B,85,Yugoslavia,0,3,0,0,3,2,6,-4,NO
135,1978,1,51,Italia,6,3,3,0,0,6,2,4,SI
136,1978,1,6,Argentina,4,3,2,0,1,4,3,1,SI
137,1978,1,36,Francia,2,3,1,0,2,5,5,0,NO
138,1978,1,42,Hungría,0,3,0,0,3,3,8,-5,NO
139,1978,2,64,Polonia,5,3,2,1,0,4,1,3,SI
140,1978,2,87,Alemania Occidental,4,3,1,2,0,6,0,6,SI
141,1978,2,78,Túnez,3,3,1,1,1,3,2,1,NO
142,1978,2,56,México,0,3,0,0,3,2,12,-10,NO
143,1978,3,8,Austria,4,3,2,0,1,3,2,1,SI
144,1978,3,11,Brasil,4,3,1,2,0,2,1,1,SI
145,1978,3,34,España,3,3,1,1,1,2,2,0,NO
146,1978,3,73,Suecia,1,3,0,1,2,1,3,-2,NO
147,1978,4,63,Perú,5,3,2,1,0,7,2,5,SI
148,1978,4,60,Paises Bajos,3,3,1,1,1,5,3,2,SI
149,1978,4,31,Escocia,3,3,1,1,1,5,6,-1,NO
150,1978,4,48,Irán,1,3,0,1,2,2,8,-6,NO
151,1978,A,60,Paises Bajos,5,3,2,1,0,9,4,5,SI
152,1978,A,51,Italia,3,3,1,1,1,2,2,0,SI
153,1978,A,87,Alemania Occidental,2,3,0,2,1,4,5,-1,NO
154,1978,A,8,Austria,2,3,1,0,2,4,8,-4,NO
155,1978,B,6,Argentina,5,3,2,1,0,8,0,8,SI
156,1978,B,11,Brasil,5,3,2,1,0,6,1,5,SI
157,1978,B,64,Polonia,2,3,1,0,2,2,5,-3,NO
158,1978,B,63,Perú,0,3,0,0,3,0,10,-10,NO
159,1982,1,64,Polonia,3,2,1,1,0,3,0,3,SI
160,1982,1,88,URSS,3,2,1,1,0,1,0,1,NO
161,1982,1,13,Bélgica,0,2,0,0,2,0,4,-4,NO
162,1982,2,87,Alemania Occidental,3,2,1,1,0,2,1,1,SI
163,1982,2,44,Inglaterra,2,2,0,2,0,0,0,0,NO
164,1982,2,34,España,1,2,0,1,1,1,2,-1,NO
165,1982,3,51,Italia,4,2,2,0,0,5,3,2,SI
166,1982,3,11,Brasil,2,2,1,0,1,5,4,1,NO
167,1982,3,6,Argentina,0,2,0,0,2,2,5,-3,NO
168,1982,4,36,Francia,4,2,2,0,0,5,1,4,SI
169,1982,4,8,Austria,1,2,0,1,1,2,3,-1,NO
170,1982,4,47,Irlanda del Norte,1,2,0,1,1,3,6,-3,NO
171,1982,A,64,Polonia,4,3,1,2,0,5,1,4,SI
172,1982,A,51,Italia,3,3,0,3,0,2,2,0,SI
173,1982,A,14,Camerún,3,3,0,3,0,1,1,0,NO
174,1982,A,63,Perú,2,3,0,2,1,2,6,-4,NO
175,1982,B,87,Alemania Occidental,4,3,2,0,1,6,3,3,SI
176,1982,B,8,Austria,4,3,2,0,1,3,1,2,SI
177,1982,B,5,Argelia,4,3,2,0,1,5,5,0,NO
178,1982,B,17,Chile,0,3,0,0,3,3,8,-5,NO
179,1982,C,13,Bélgica,5,3,2,1,0,3,1,2,SI
180,1982,C,6,Argentina,4,3,2,0,1,6,2,4,SI
181,1982,C,42,Hungría,3,3,1,1,1,12,6,6,NO
182,1982,C,29,El Salvador,0,3,0,0,3,1,13,-12,NO
183,1982,D,44,Inglaterra,6,3,3,0,0,6,1,5,SI
184,1982,D,36,Francia,3,3,1,1,1,6,5,1,SI
185,1982,D,86,Checoslovaquia,2,3,0,2,1,2,4,-2,NO
186,1982,D,54,Kuwait,1,3,0,1,2,2,6,-4,NO
187,1982,E,47,Irlanda del Norte,4,3,1,2,0,2,1,1,SI
188,1982,E,34,España,3,3,1,1,1,3,3,0,SI
189,1982,E,85,Yugoslavia,3,3,1,1,1,2,2,0,NO
190,1982,E,41,Honduras,2,3,0,2,1,2,3,-1,NO
191,1982,F,11,Brasil,6,3,3,0,0,10,2,8,SI
192,1982,F,88,URSS,3,3,1,1,1,6,4,2,SI
193,1982,F,31,Escocia,3,3,1,1,1,8,8,0,NO
194,1982,F,59,Nueva Zelanda,0,3,0,0,3,2,12,-10,NO
195,1986,A,6,Argentina,5,3,2,1,0,6,2,4,SI
196,1986,A,51,Italia,4,3,1,2,0,5,4,1,SI
197,1986,A,12,Bulgaria,2,3,0,2,1,2,4,-2,SI
198,1986,A,21,Corea del Sur,1,3,0,1,2,4,7,-3,NO
199,1986,B,56,México,5,3,2,1,0,4,2,2,SI
200,1986,B,62,Paraguay,4,3,1,2,0,4,3,1,SI
201,1986,B,13,Bélgica,3,3,1,1,1,5,5,0,SI
202,1986,B,45,Iraq,0,3,0,0,3,1,4,-3,NO
203,1986,C,88,URSS,5,3,2,1,0,9,1,8,SI
204,1986,C,36,Francia,5,3,2,1,0,5,1,4,SI
205,1986,C,42,Hungría,2,3,1,0,2,2,9,-7,NO
206,1986,C,15,Canadá,0,3,0,0,3,0,5,-5,NO
207,1986,D,11,Brasil,6,3,3,0,0,5,0,5,SI
208,1986,D,34,España,4,3,2,0,1,5,2,3,SI
209,1986,D,47,Irlanda del Norte,1,3,0,1,2,2,6,-4,NO
210,1986,D,5,Argelia,1,3,0,1,2,1,5,-4,NO
211,1986,E,26,Dinamarca,6,3,3,0,0,9,1,8,SI
212,1986,E,87,Alemania Occidental,3,3,1,1,1,3,4,-1,SI
213,1986,E,80,Uruguay,2,3,0,2,1,2,7,-5,SI
214,1986,E,31,Escocia,1,3,0,1,2,1,3,-2,NO
215,1986,F,55,Marruecos,4,3,1,2,0,3,1,2,SI
216,1986,F,44,Inglaterra,3,3,1,1,1,3,1,2,SI
217,1986,F,64,Polonia,3,3,1,1,1,1,3,-2,SI
218,1986,F,65,Portugal,2,3,1,0,2,2,4,-2,NO
219,1990,A,51,Italia,6,3,3,0,0,4,0,4,SI
220,1990,A,86,Checoslovaquia,4,3,2,0,1,6,3,3,SI
221,1990,A,8,Austria,2,3,1,0,2,2,3,-1,NO
222,1990,A,35,Estados Unidos,0,3,0,0,3,2,8,-6,NO
223,1990,B,14,Camerún,4,3,2,0,1,3,5,-2,SI
224,1990,B,68,Rumania,3,3,1,1,1,4,3,1,SI
225,1990,B,6,Argentina,3,3,1,1,1,3,2,1,SI
226,1990,B,88,URSS,2,3,1,0,2,4,4,0,NO
227,1990,C,11,Brasil,6,3,3,0,0,4,1,3,SI
228,1990,C,22,Costa Rica,4,3,2,0,1,3,2,1,SI
229,1990,C,31,Escocia,2,3,1,0,2,2,3,-1,NO
230,1990,C,73,Suecia,0,3,0,0,3,3,6,-3,NO
231,1990,D,87,Alemania Occidental,5,3,2,1,0,10,3,7,SI
232,1990,D,85,Yugoslavia,4,3,2,0,1,6,5,1,SI
233,1990,D,19,Colombia,3,3,1,1,1,3,2,1,SI
234,1990,D,30,Emiratos Arabes,0,3,0,0,3,2,11,-9,NO
235,1990,E,34,España,5,3,2,1,0,5,2,3,SI
236,1990,E,13,Bélgica,4,3,2,0,1,6,3,3,SI
237,1990,E,80,Uruguay,3,3,1,1,1,2,3,-1,SI
238,1990,E,21,Corea del Sur,0,3,0,0,3,1,6,-5,NO
239,1990,F,44,Inglaterra,4,3,1,2,0,2,1,1,SI
240,1990,F,46,Irlanda,3,3,0,3,0,2,2,0,SI
241,1990,F,60,Paises Bajos,3,3,0,3,0,2,2,0,SI
242,1990,F,28,Egipto,2,3,0,2,1,1,2,-1,NO
243,1994,A,68,Rumania,6,3,2,0,1,5,5,0,SI
244,1994,A,74,Suiza,4,3,1,1,1,5,4,1,SI
245,1994,A,35,Estados Unidos,4,3,1,1,1,3,3,0,SI
246,1994,A,19,Colombia,3,3,1,0,2,4,5,-1,NO
247,1994,B,11,Brasil,7,3,2,1,0,6,1,5,SI
248,1994,B,73,Suecia,5,3,1,2,0,6,4,2,SI
249,1994,B,69,Rusia,3,3,1,0,2,7,6,1,NO
250,1994,B,14,Camerún,1,3,0,1,2,3,11,-8,NO
251,1994,C,1,Alemania,7,3,2,1,0,5,3,2,SI
252,1994,C,34,España,5,3,1,2,0,6,4,2,SI
253,1994,C,21,Corea del Sur,2,3,0,2,1,4,5,-1,NO
254,1994,C,9,Bolivia,1,3,0,1,2,1,4,-3,NO
255,1994,D,57,Nigeria,6,3,2,0,1,6,2,4,SI
256,1994,D,12,Bulgaria,6,3,2,0,1,6,3,3,SI
257,1994,D,6,Argentina,6,3,2,0,1,6,3,3,SI
258,1994,D,39,Grecia,0,3,0,0,3,0,10,-10,NO
259,1994,E,56,México,4,3,1,1,1,3,3,0,SI
260,1994,E,46,Irlanda,4,3,1,1,1,2,2,0,SI
261,1994,E,51,Italia,4,3,1,1,1,2,2,0,SI
262,1994,E,58,Noruega,4,3,1,1,1,1,1,0,NO
263,1994,F,60,Paises Bajos,6,3,2,0,1,4,3,1,SI
264,1994,F,4,Arabia Saudita,6,3,2,0,1,4,3,1,SI
265,1994,F,13,Bélgica,6,3,2,0,1,2,1,1,SI
266,1994,F,55,Marruecos,0,3,0,0,3,2,5,-3,NO
267,1998,A,11,Brasil,6,3,2,0,1,6,3,3,SI
268,1998,A,58,Noruega,5,3,1,2,0,5,4,1,SI
269,1998,A,55,Marruecos,4,3,1,1,1,5,5,0,NO
270,1998,A,31,Escocia,1,3,0,1,2,2,6,-4,NO
271,1998,B,51,Italia,7,3,2,1,0,7,3,4,SI
272,1998,B,17,Chile,3,3,0,3,0,4,4,0,SI
273,1998,B,8,Austria,2,3,0,2,1,3,4,-1,NO
274,1998,B,14,Camerún,2,3,0,2,1,2,5,-3,NO
275,1998,C,36,Francia,9,3,3,0,0,9,1,8,SI
276,1998,C,26,Dinamarca,4,3,1,1,1,3,3,0,SI
277,1998,C,72,Sudáfrica,2,3,0,2,1,3,6,-3,NO
278,1998,C,4,Arabia Saudita,1,3,0,1,2,2,7,-5,NO
279,1998,D,57,Nigeria,6,3,2,0,1,5,5,0,SI
280,1998,D,62,Paraguay,5,3,1,2,0,3,1,2,SI
281,1998,D,34,España,4,3,1,1,1,8,4,4,NO
282,1998,D,12,Bulgaria,1,3,0,1,2,1,7,-6,NO
283,1998,E,60,Paises Bajos,5,3,1,2,0,7,2,5,SI
284,1998,E,56,México,5,3,1,2,0,7,5,2,SI
285,1998,E,13,Bélgica,3,3,0,3,0,3,3,0,NO
286,1998,E,21,Corea del Sur,1,3,0,1,2,2,9,-7,NO
287,1998,F,1,Alemania,7,3,2,1,0,6,2,4,SI
288,1998,F,,RF de Yugoslavia,7,3,2,1,0,4,2,2,SI
289,1998,F,48,Irán,3,3,1,0,2,2,4,-2,NO
290,1998,F,35,Estados Unidos,0,3,0,0,3,1,5,-4,NO
291,1998,G,68,Rumania,7,3,2,1,0,4,2,2,SI
292,1998,G,44,Inglaterra,6,3,2,0,1,5,2,3,SI
293,1998,G,19,Colombia,3,3,1,0,2,1,3,-2,NO
294,1998,G,78,Túnez,1,3,0,1,2,1,4,-3,NO
295,1998,H,6,Argentina,9,3,3,0,0,7,0,7,SI
296,1998,H,24,Croacia,6,3,2,0,1,4,2,2,SI
297,1998,H,52,Jamaica,3,3,1,0,2,3,9,-6,NO
298,1998,H,53,Japón,0,3,0,0,3,1,4,-3,NO
299,2002,A,26,Dinamarca,7,3,2,1,0,5,2,3,SI
300,2002,A,70,Senegal,5,3,1,2,0,5,4,1,SI
301,2002,A,80,Uruguay,2,3,0,2,1,4,5,-1,NO
302,2002,A,36,Francia,1,3,0,1,2,0,3,-3,NO
303,2002,B,34,España,9,3,3,0,0,9,4,5,SI
304,2002,B,62,Paraguay,4,3,1,1,1,6,6,0,SI
305,2002,B,72,Sudáfrica,4,3,1,1,1,5,5,0,NO
306,2002,B,33,Eslovenia,0,3,0,0,3,2,7,-5,NO
307,2002,C,11,Brasil,9,3,3,0,0,11,3,8,SI
308,2002,C,77,Turquía,4,3,1,1,1,5,3,2,SI
309,2002,C,22,Costa Rica,4,3,1,1,1,5,6,-1,NO
310,2002,C,18,China,0,3,0,0,3,0,9,-9,NO
311,2002,D,21,Corea del Sur,7,3,2,1,0,4,1,3,SI
312,2002,D,35,Estados Unidos,4,3,1,1,1,5,6,-1,SI
313,2002,D,65,Portugal,3,3,1,0,2,6,4,2,NO
314,2002,D,64,Polonia,3,3,1,0,2,3,7,-4,NO
315,2002,E,1,Alemania,7,3,2,1,0,11,1,10,SI
316,2002,E,46,Irlanda,5,3,1,2,0,5,2,3,SI
317,2002,E,14,Camerún,4,3,1,1,1,2,3,-1,NO
318,2002,E,4,Arabia Saudita,0,3,0,0,3,0,12,-12,NO
319,2002,F,73,Suecia,5,3,1,2,0,4,3,1,SI
320,2002,F,44,Inglaterra,5,3,1,2,0,2,1,1,SI
321,2002,F,6,Argentina,4,3,1,1,1,2,2,0,NO
322,2002,F,57,Nigeria,1,3,0,1,2,1,3,-2,NO
323,2002,G,56,México,7,3,2,1,0,4,2,2,SI
324,2002,G,51,Italia,4,3,1,1,1,4,3,1,SI
325,2002,G,24,Croacia,3,3,1,0,2,2,3,-1,NO
326,2002,G,27,Ecuador,3,3,1,0,2,2,4,-2,NO
327,2002,H,53,Japón,7,3,2,1,0,5,2,3,SI
328,2002,H,13,Bélgica,5,3,1,2,0,6,5,1,SI
329,2002,H,69,Rusia,3,3,1,0,2,4,4,0,NO
330,2002,H,78,Túnez,1,3,0,1,2,1,5,-4,NO
331,2006,A,1,Alemania,9,3,3,0,0,8,2,6,SI
332,2006,A,27,Ecuador,6,3,2,0,1,5,3,2,SI
333,2006,A,64,Polonia,3,3,1,0,2,2,4,-2,NO
334,2006,A,22,Costa Rica,0,3,0,0,3,3,9,-6,NO
335,2006,B,44,Inglaterra,7,3,2,1,0,5,2,3,SI
336,2006,B,73,Suecia,5,3,1,2,0,3,2,1,SI
337,2006,B,62,Paraguay,3,3,1,0,2,2,2,0,NO
338,2006,B,76,Trinidad y Tobago,1,3,0,1,2,0,4,-4,NO
339,2006,C,6,Argentina,7,3,2,1,0,8,1,7,SI
340,2006,C,60,Paises Bajos,7,3,2,1,0,3,1,2,SI
341,2006,C,23,Costa de Marfil,3,3,1,0,2,5,6,-1,NO
342,2006,C,,Serbia y Montenegro,0,3,0,0,3,2,10,-8,NO
343,2006,D,65,Portugal,9,3,3,0,0,5,1,4,SI
344,2006,D,56,México,4,3,1,1,1,4,3,1,SI
345,2006,D,3,Angola,2,3,0,2,1,1,2,-1,NO
346,2006,D,48,Irán,1,3,0,1,2,2,6,-4,NO
347,2006,E,51,Italia,7,3,2,1,0,5,1,4,SI
348,2006,E,38,Ghana,6,3,2,0,1,4,3,1,SI
349,2006,E,67,República Checa,3,3,1,0,2,3,4,-1,NO
350,2006,E,35,Estados Unidos,1,3,0,1,2,2,6,-4,NO
351,2006,F,11,Brasil,9,3,3,0,0,7,1,6,SI
352,2006,F,7,Australia,4,3,1,1,1,5,5,0,SI
353,2006,F,24,Croacia,2,3,0,2,1,2,3,-1,NO
354,2006,F,53,Japón,1,3,0,1,2,2,7,-5,NO
355,2006,G,74,Suiza,7,3,2,1,0,4,0,4,SI
356,2006,G,36,Francia,5,3,1,2,0,3,1,2,SI
357,2006,G,21,Corea del Sur,4,3,1,1,1,3,4,-1,NO
358,2006,G,75,Togo,0,3,0,0,3,1,6,-5,NO
359,2006,H,34,España,9,3,3,0,0,8,1,7,SI
360,2006,H,79,Ucrania,6,3,2,0,1,5,4,1,SI
361,2006,H,78,Túnez,1,3,0,1,2,3,6,-3,NO
362,2006,H,4,Arabia Saudita,1,3,0,1,2,2,7,-5,NO
363,2010,A,80,Uruguay,7,3,2,1,0,4,0,4,SI
364,2010,A,56,México,4,3,1,1,1,3,2,1,SI
365,2010,A,72,Sudáfrica,4,3,1,1,1,3,5,-2,NO
366,2010,A,36,Francia,1,3,0,1,2,1,4,-3,NO
367,2010,B,6,Argentina,9,3,3,0,0,7,1,6,SI
368,2010,B,21,Corea del Sur,4,3,1,1,1,5,6,-1,SI
369,2010,B,39,Grecia,3,3,1,0,2,2,5,-3,NO
370,2010,B,57,Nigeria,1,3,0,1,2,3,5,-2,NO
371,2010,C,35,Estados Unidos,5,3,1,2,0,4,3,1,SI
372,2010,C,44,Inglaterra,5,3,1,2,0,2,1,1,SI
373,2010,C,33,Eslovenia,4,3,1,1,1,3,3,0,NO
374,2010,C,5,Argelia,1,3,0,1,2,0,2,-2,NO
375,2010,D,1,Alemania,6,3,2,0,1,5,1,4,SI
376,2010,D,38,Ghana,4,3,1,1,1,2,2,0,SI
377,2010,D,7,Australia,4,3,1,1,1,3,6,-3,NO
378,2010,D,71,Serbia,3,3,1,0,2,2,3,-1,NO
379,2010,E,60,Paises Bajos,9,3,3,0,0,5,1,4,SI
380,2010,E,53,Japón,6,3,2,0,1,4,2,2,SI
381,2010,E,26,Dinamarca,3,3,1,0,2,3,6,-3,NO
382,2010,E,14,Camerún,0,3,0,0,3,2,5,-3,NO
383,2010,F,62,Paraguay,5,3,1,2,0,3,1,2,SI
384,2010,F,32,Eslovaquia,4,3,1,1,1,4,5,-1,SI
385,2010,F,59,Nueva Zelanda,3,3,0,3,0,2,2,0,NO
386,2010,F,51,Italia,2,3,0,2,1,4,5,-1,NO
387,2010,G,11,Brasil,7,3,2,1,0,5,2,3,SI
388,2010,G,65,Portugal,5,3,1,2,0,7,0,7,SI
389,2010,G,23,Costa de Marfil,4,3,1,1,1,4,3,1,NO
390,2010,G,20,Corea del Norte,0,3,0,0,3,1,12,-11,NO
391,2010,H,34,España,6,3,2,0,1,4,2,2,SI
392,2010,H,17,Chile,6,3,2,0,1,3,2,1,SI
393,2010,H,74,Suiza,4,3,1,1,1,1,1,0,NO
394,2010,H,41,Honduras,1,3,0,1,2,0,3,-3,NO
395,2014,A,11,Brasil,7,3,2,1,0,7,2,5,SI
396,2014,A,56,México,7,3,2,1,0,4,1,3,SI
397,2014,A,24,Croacia,3,3,1,0,2,6,6,0,NO
398,2014,A,14,Camerún,0,3,0,0,3,1,9,-8,NO
399,2014,B,60,Paises Bajos,9,3,3,0,0,10,3,7,SI
400,2014,B,17,Chile,6,3,2,0,1,5,3,2,SI
401,2014,B,34,España,3,3,1,0,2,4,7,-3,NO
402,2014,B,7,Australia,0,3,0,0,3,3,9,-6,NO
403,2014,C,19,Colombia,9,3,3,0,0,9,2,7,SI
404,2014,C,39,Grecia,4,3,1,1,1,2,4,-2,SI
405,2014,C,23,Costa de Marfil,3,3,1,0,2,4,5,-1,NO
406,2014,C,53,Japón,1,3,0,1,2,2,6,-4,NO
407,2014,D,22,Costa Rica,7,3,2,1,0,4,1,3,SI
408,2014,D,80,Uruguay,6,3,2,0,1,4,4,0,SI
409,2014,D,51,Italia,3,3,1,0,2,2,3,-1,NO
410,2014,D,44,Inglaterra,1,3,0,1,2,2,4,-2,NO
411,2014,E,36,Francia,7,3,2,1,0,8,2,6,SI
412,2014,E,74,Suiza,6,3,2,0,1,7,6,1,SI
413,2014,E,27,Ecuador,4,3,1,1,1,3,3,0,NO
414,2014,E,41,Honduras,0,3,0,0,3,1,8,-7,NO
415,2014,F,6,Argentina,9,3,3,0,0,6,3,3,SI
416,2014,F,57,Nigeria,4,3,1,1,1,3,3,0,SI
417,2014,F,10,Bosnia-Herzegovina,3,3,1,0,2,4,4,0,NO
418,2014,F,48,Irán,1,3,0,1,2,1,4,-3,NO
419,2014,G,1,Alemania,7,3,2,1,0,7,2,5,SI
420,2014,G,35,Estados Unidos,4,3,1,1,1,4,4,0,SI
421,2014,G,65,Portugal,4,3,1,1,1,4,7,-3,NO
422,2014,G,38,Ghana,1,3,0,1,2,4,6,-2,NO
423,2014,H,13,Bélgica,9,3,3,0,0,4,1,3,SI
424,2014,H,5,Argelia,4,3,1,1,1,6,5,1,SI
425,2014,H,69,Rusia,2,3,0,2,1,2,3,-1,NO
426,2014,H,21,Corea del Sur,1,3,0,1,2,3,6,-3,NO
427,2018,A,80,Uruguay,9,3,3,0,0,5,0,5,SI
428,2018,A,69,Rusia,6,3,2,0,1,8,4,4,SI
429,2018,A,4,Arabia Saudita,3,3,1,0,2,2,7,-5,NO
430,2018,A,28,Egipto,0,3,0,0,3,2,6,-4,NO
431,2018,B,34,España,5,3,1,2,0,6,5,1,SI
432,2018,B,65,Portugal,5,3,1,2,0,5,4,1,SI
433,2018,B,48,Irán,4,3,1,1,1,2,2,0,NO
434,2018,B,55,Marruecos,1,3,0,1,2,2,4,-2,NO
435,2018,C,36,Francia,7,3,2,1,0,3,1,2,SI
436,2018,C,26,Dinamarca,5,3,1,2,0,2,1,1,SI
437,2018,C,63,Perú,3,3,1,0,2,2,2,0,NO
438,2018,C,7,Australia,1,3,0,1,2,2,5,-3,NO
439,2018,D,24,Croacia,9,3,3,0,0,7,1,6,SI
440,2018,D,6,Argentina,4,3,1,1,1,3,5,-2,SI
441,2018,D,57,Nigeria,3,3,1,0,2,3,4,-1,NO
442,2018,D,49,Islandia,1,3,0,1,2,2,5,-3,NO
443,2018,E,11,Brasil,7,3,2,1,0,5,1,4,SI
444,2018,E,74,Suiza,5,3,1,2,0,5,4,1,SI
445,2018,E,71,Serbia,3,3,1,0,2,2,4,-2,NO
446,2018,E,22,Costa Rica,1,3,0,1,2,2,5,-3,NO
447,2018,F,73,Suecia,6,3,2,0,1,5,2,3,SI
448,2018,F,56,México,6,3,2,0,1,3,4,-1,SI
449,2018,F,21,Corea del Sur,3,3,1,0,2,3,3,0,NO
450,2018,F,1,Alemania,3,3,1,0,2,2,4,-2,NO
451,2018,G,13,Bélgica,9,3,3,0,0,9,2,7,SI
452,2018,G,44,Inglaterra,6,3,2,0,1,8,3,5,SI
453,2018,G,78,Túnez,3,3,1,0,2,5,8,-3,NO
454,2018,G,61,Panamá,0,3,0,0,3,2,11,-9,NO
455,2018,H,19,Colombia,6,3,2,0,1,5,2,3,SI
456,2018,H,53,Japón,4,3,1,1,1,4,4,0,SI
457,2018,H,70,Senegal,4,3,1,1,1,4,4,0,NO
458,2018,H,64,Polonia,3,3,1,0,2,2,5,-3,NO
459,2022,A,60,Paises Bajos,7,3,2,1,0,5,1,4,SI
460,2022,A,70,Senegal,6,3,2,0,1,5,4,1,SI
461,2022,A,27,Ecuador,4,3,1,1,1,4,3,1,NO
462,2022,A,16,Catar,0,3,0,0,3,1,7,-6,NO
463,2022,B,44,Inglaterra,7,3,2,1,0,9,2,7,SI
464,2022,B,35,Estados Unidos,5,3,1,2,0,2,1,1,SI
465,2022,B,48,Irán,3,3,1,0,2,4,7,-3,NO
466,2022,B,37,Gales,1,3,0,1,2,1,6,-5,NO
467,2022,C,6,Argentina,6,3,2,0,1,5,2,3,SI
468,2022,C,64,Polonia,4,3,1,1,1,2,2,0,SI
469,2022,C,56,México,4,3,1,1,1,2,3,-1,NO
470,2022,C,4,Arabia Saudita,3,3,1,0,2,3,5,-2,NO
471,2022,D,36,Francia,6,3,2,0,1,6,3,3,SI
472,2022,D,7,Australia,6,3,2,0,1,3,4,-1,SI
473,2022,D,78,Túnez,4,3,1,1,1,1,1,0,NO
474,2022,D,26,Dinamarca,1,3,0,1,2,1,3,-2,NO
475,2022,E,53,Japón,6,3,2,0,1,4,3,1,SI
476,2022,E,34,España,4,3,1,1,1,9,3,6,SI
477,2022,E,1,Alemania,4,3,1,1,1,6,5,1,NO
478,2022,E,22,Costa Rica,3,3,1,0,2,3,11,-8,NO
479,2022,F,55,Marruecos,7,3,2,1,0,4,1,3,SI
480,2022,F,24,Croacia,5,3,1,2,0,4,1,3,SI
481,2022,F,13,Bélgica,4,3,1,1,1,1,2,-1,NO
482,2022,F,15,Canadá,0,3,0,0,3,2,7,-5,NO
483,2022,G,11,Brasil,6,3,2,0,1,3,1,2,SI
484,2022,G,74,Suiza,6,3,2,0,1,4,3,1,SI
485,2022,G,14,Camerún,4,3,1,1,1,4,4,0,NO
486,2022,G,71,Serbia,1,3,0,1,2,5,8,-3,NO
487,2022,H,65,Portugal,6,3,2,0,1,6,4,2,SI
488,2022,H,21,Corea del Sur,4,3,1,1,1,4,4,0,SI
489,2022,H,80,Uruguay,4,3,1,1,1,2,2,0,NO
490,2022,H,38,Ghana,3,3,1,0,2,5,7,-2,NO
